reactor,cofeed,phase,day,EBRT_s,toluene_in,toluene_out,toluene_RE_reported,toluene_RE_calc,cofeed_in,cofeed_out,cofeed_RE_reported,cofeed_RE_calc,source
A,none,I,20,30,1667.213,546.329,67.231,67.231,,,,,"PLOS One 10.1371/journal.pone.0302487, S1 file sheet Fig.2 row 3"
A,none,I,25,30,1654.69,442.55,73.255,73.255,,,,,"PLOS One 10.1371/journal.pone.0302487, S1 file sheet Fig.2 row 4"
A,none,I,30,30,1693.369,399.33,76.418,76.418,,,,,"PLOS One 10.1371/journal.pone.0302487, S1 file sheet Fig.2 row 5"
A,none,I,35,30,1584.316,318.609,79.89,79.89,,,,,"PLOS One 10.1371/journal.pone.0302487, S1 file sheet Fig.2 row 6"
A,none,I,40,30,1658.004,339.87,79.501,79.501,,,,,"PLOS One 10.1371/journal.pone.0302487, S1 file sheet Fig.2 row 7"
A,none,I,45,30,1634.497,326.343,80.034,80.034,,,,,"PLOS One 10.1371/journal.pone.0302487, S1 file sheet Fig.2 row 8"
A,none,I,50,30,1676.578,287.634,82.844,82.844,,,,,"PLOS One 10.1371/journal.pone.0302487, S1 file sheet Fig.2 row 9"
A,none,I,55,30,1645.463,275.862,83.235,83.235,,,,,"PLOS One 10.1371/journal.pone.0302487, S1 file sheet Fig.2 row 10"
A,none,I,60,30,1656.108,238.132,85.621,85.621,,,,,"PLOS One 10.1371/journal.pone.0302487, S1 file sheet Fig.2 row 11"
A,ethyl_acetate,II,65,30,1669.95,93.745,94.386,94.386,868.383,0,100,100.0,"PLOS One 10.1371/journal.pone.0302487, S1 file sheet Fig.2 row 12"
A,ethyl_acetate,II,70,30,1656.209,85.968,94.809,94.809,856.533,0,100,100.0,"PLOS One 10.1371/journal.pone.0302487, S1 file sheet Fig.2 row 13"
A,ethyl_acetate,II,75,30,1650.155,93.562,94.33,94.33,865.278,0,100,100.0,"PLOS One 10.1371/journal.pone.0302487, S1 file sheet Fig.2 row 14"
A,ethyl_acetate,II,80,30,1652.449,17.561,98.937,98.937,880.141,0,100,100.0,"PLOS One 10.1371/journal.pone.0302487, S1 file sheet Fig.2 row 15"
A,ethyl_acetate,II,85,30,1600.323,63.415,96.037,96.037,796.743,0,100,100.0,"PLOS One 10.1371/journal.pone.0302487, S1 file sheet Fig.2 row 16"
A,ethyl_acetate,II,90,30,1649.486,69.236,95.803,95.803,852.352,0,100,100.0,"PLOS One 10.1371/journal.pone.0302487, S1 file sheet Fig.2 row 17"
A,ethyl_acetate,II,95,30,1639.309,102.645,93.739,93.739,868.784,0,100,100.0,"PLOS One 10.1371/journal.pone.0302487, S1 file sheet Fig.2 row 18"
A,ethyl_acetate,II,100,30,1641.156,122.453,92.539,92.539,855.1,0,100,100.0,"PLOS One 10.1371/journal.pone.0302487, S1 file sheet Fig.2 row 19"
A,ethyl_acetate,II,105,30,1655.671,117.554,92.9,92.9,840.734,0,100,100.0,"PLOS One 10.1371/journal.pone.0302487, S1 file sheet Fig.2 row 20"
A,ethyl_acetate,III,110,30,1645.406,726.926,55.821,55.821,1769.048,184.007,89.599,89.599,"PLOS One 10.1371/journal.pone.0302487, S1 file sheet Fig.2 row 22"
A,ethyl_acetate,III,115,30,1638.497,885.45,45.96,45.96,1770.436,133.488,92.46,92.46,"PLOS One 10.1371/journal.pone.0302487, S1 file sheet Fig.2 row 23"
A,ethyl_acetate,III,120,30,1640.035,965.065,41.156,41.156,1734.793,119.183,93.13,93.13,"PLOS One 10.1371/journal.pone.0302487, S1 file sheet Fig.2 row 24"
A,ethyl_acetate,III,125,30,1647.138,1002.873,39.114,39.114,1765.689,247.325,85.993,85.993,"PLOS One 10.1371/journal.pone.0302487, S1 file sheet Fig.2 row 25"
A,ethyl_acetate,III,130,30,1647.164,1089.193,33.875,33.875,1748.555,90.885,94.802,94.802,"PLOS One 10.1371/journal.pone.0302487, S1 file sheet Fig.2 row 26"
A,ethyl_acetate,III,135,30,1641.093,961.339,41.421,41.421,1670.145,280.174,83.225,83.225,"PLOS One 10.1371/journal.pone.0302487, S1 file sheet Fig.2 row 27"
A,ethyl_acetate,III,140,30,1641.197,1060.608,35.376,35.376,1711.921,28.842,98.315,98.315,"PLOS One 10.1371/journal.pone.0302487, S1 file sheet Fig.2 row 28"
A,ethyl_acetate,III,145,30,1639.608,859.613,47.572,47.572,1754.755,36.355,97.928,97.928,"PLOS One 10.1371/journal.pone.0302487, S1 file sheet Fig.2 row 29"
A,ethyl_acetate,III,150,30,1629.124,793.585,51.288,51.288,1743.923,72.895,95.82,95.82,"PLOS One 10.1371/journal.pone.0302487, S1 file sheet Fig.2 row 30"
A,ethyl_acetate,IV,155,30,1640.894,659.871,59.786,59.786,2900.416,97.922,96.624,96.624,"PLOS One 10.1371/journal.pone.0302487, S1 file sheet Fig.2 row 32"
A,ethyl_acetate,IV,160,30,1650.248,689.187,58.237,58.237,2795.488,91.325,96.733,96.733,"PLOS One 10.1371/journal.pone.0302487, S1 file sheet Fig.2 row 33"
A,ethyl_acetate,IV,165,30,1639.145,705.644,56.95,56.95,2815.886,121.613,95.681,95.681,"PLOS One 10.1371/journal.pone.0302487, S1 file sheet Fig.2 row 34"
A,ethyl_acetate,IV,170,30,1635.787,736.486,54.977,54.977,2803.597,94.587,96.626,96.626,"PLOS One 10.1371/journal.pone.0302487, S1 file sheet Fig.2 row 35"
A,ethyl_acetate,IV,175,30,1654.489,740.489,55.244,55.244,2798.482,142.489,94.908,94.908,"PLOS One 10.1371/journal.pone.0302487, S1 file sheet Fig.2 row 36"
A,ethyl_acetate,IV,180,30,1651.222,739.324,55.226,55.226,2787.158,129.814,95.342,95.342,"PLOS One 10.1371/journal.pone.0302487, S1 file sheet Fig.2 row 37"
A,ethyl_acetate,IV,185,30,1635.794,725.527,55.647,55.647,2813.189,125.541,95.537,95.537,"PLOS One 10.1371/journal.pone.0302487, S1 file sheet Fig.2 row 38"
A,ethyl_acetate,IV,190,30,1634.202,725.07,55.632,55.632,2826.482,139.985,95.047,95.047,"PLOS One 10.1371/journal.pone.0302487, S1 file sheet Fig.2 row 39"
A,ethyl_acetate,IV,195,30,1657.436,718.789,56.632,56.632,2856.792,136.573,95.219,95.219,"PLOS One 10.1371/journal.pone.0302487, S1 file sheet Fig.2 row 40"
B,none,I,20,30,1647.321,569.462,65.431,65.431,,,,,"PLOS One 10.1371/journal.pone.0302487, S1 file sheet Fig.3 row 3"
B,none,I,25,30,1656.963,461.878,72.125,72.125,,,,,"PLOS One 10.1371/journal.pone.0302487, S1 file sheet Fig.3 row 4"
B,none,I,30,30,1673.296,410.577,75.463,75.463,,,,,"PLOS One 10.1371/journal.pone.0302487, S1 file sheet Fig.3 row 5"
B,none,I,35,30,1664.361,372.251,77.634,77.634,,,,,"PLOS One 10.1371/journal.pone.0302487, S1 file sheet Fig.3 row 6"
B,none,I,40,30,1655.412,345.435,79.133,79.133,,,,,"PLOS One 10.1371/journal.pone.0302487, S1 file sheet Fig.3 row 7"
B,none,I,45,30,1634.983,318.217,80.537,80.537,,,,,"PLOS One 10.1371/journal.pone.0302487, S1 file sheet Fig.3 row 8"
B,none,I,50,30,1656.875,290.334,82.477,82.477,,,,,"PLOS One 10.1371/journal.pone.0302487, S1 file sheet Fig.3 row 9"
B,none,I,55,30,1665.346,274.682,83.506,83.506,,,,,"PLOS One 10.1371/journal.pone.0302487, S1 file sheet Fig.3 row 10"
B,none,I,60,30,1652.801,249.623,84.897,84.897,,,,,"PLOS One 10.1371/journal.pone.0302487, S1 file sheet Fig.3 row 11"
B,n_hexane,II,65,30,1652.883,964.383,41.654,41.654,857.283,375.037,56.253,56.253,"PLOS One 10.1371/journal.pone.0302487, S1 file sheet Fig.3 row 12"
B,n_hexane,II,70,30,1649.666,799.757,51.52,51.52,857.283,445.044,48.087,48.087,"PLOS One 10.1371/journal.pone.0302487, S1 file sheet Fig.3 row 13"
B,n_hexane,II,75,30,1642.18,962.417,41.394,41.394,872.877,424.123,51.411,51.411,"PLOS One 10.1371/journal.pone.0302487, S1 file sheet Fig.3 row 14"
B,n_hexane,II,80,30,1656.06,784.689,52.617,52.617,842.122,405.881,51.803,51.803,"PLOS One 10.1371/journal.pone.0302487, S1 file sheet Fig.3 row 15"
B,n_hexane,II,85,30,1776.314,798.363,55.055,55.055,858.819,528.166,38.501,38.501,"PLOS One 10.1371/journal.pone.0302487, S1 file sheet Fig.3 row 16"
B,n_hexane,II,90,30,1632.838,872.448,46.569,46.569,973.141,555.091,42.959,42.959,"PLOS One 10.1371/journal.pone.0302487, S1 file sheet Fig.3 row 17"
B,n_hexane,II,95,30,1625.899,843.161,48.142,48.142,890.136,523.073,41.237,41.237,"PLOS One 10.1371/journal.pone.0302487, S1 file sheet Fig.3 row 18"
B,n_hexane,II,100,30,1643.352,846.433,48.494,48.494,856.962,481.069,43.863,43.863,"PLOS One 10.1371/journal.pone.0302487, S1 file sheet Fig.3 row 19"
B,n_hexane,II,105,30,1639.346,859.116,47.594,47.594,848.086,494.897,41.645,41.645,"PLOS One 10.1371/journal.pone.0302487, S1 file sheet Fig.3 row 20"
B,n_hexane,III,110,30,1643.32,564.98,65.62,65.62,1750.094,1658.941,5.208,5.208,"PLOS One 10.1371/journal.pone.0302487, S1 file sheet Fig.3 row 22"
B,n_hexane,III,115,30,1645.904,521.237,68.331,68.331,1750.902,1675.61,4.3,4.3,"PLOS One 10.1371/journal.pone.0302487, S1 file sheet Fig.3 row 23"
B,n_hexane,III,120,30,1642.958,491.683,70.073,70.073,1749.261,1495.012,14.535,14.535,"PLOS One 10.1371/journal.pone.0302487, S1 file sheet Fig.3 row 24"
B,n_hexane,III,125,30,1647.314,627.301,61.92,61.92,1735.694,1551.471,10.614,10.614,"PLOS One 10.1371/journal.pone.0302487, S1 file sheet Fig.3 row 25"
B,n_hexane,III,130,30,1673.872,589.791,64.765,64.765,1737.345,1490.91,14.185,14.185,"PLOS One 10.1371/journal.pone.0302487, S1 file sheet Fig.3 row 26"
B,n_hexane,III,135,30,1637.688,611.145,62.682,62.682,1739.475,1571.101,9.68,9.68,"PLOS One 10.1371/journal.pone.0302487, S1 file sheet Fig.3 row 27"
B,n_hexane,III,140,30,1643.805,427.917,73.968,73.968,1727.731,1593.44,7.773,7.773,"PLOS One 10.1371/journal.pone.0302487, S1 file sheet Fig.3 row 28"
B,n_hexane,III,145,30,1637.156,433.764,73.505,73.505,1744.035,1630.167,6.529,6.529,"PLOS One 10.1371/journal.pone.0302487, S1 file sheet Fig.3 row 29"
B,n_hexane,III,150,30,1644.728,437.032,73.428,73.428,1745.847,1627.97,6.752,6.752,"PLOS One 10.1371/journal.pone.0302487, S1 file sheet Fig.3 row 30"
B,n_hexane,IV,155,30,1619.181,444.694,72.536,72.536,2728.831,2631.108,3.581,3.581,"PLOS One 10.1371/journal.pone.0302487, S1 file sheet Fig.3 row 32"
B,n_hexane,IV,160,30,1635.841,542.689,66.825,66.825,2801.431,2759.485,1.497,1.497,"PLOS One 10.1371/journal.pone.0302487, S1 file sheet Fig.3 row 33"
B,n_hexane,IV,165,30,1592.625,423.448,73.412,73.412,2663.671,2614.935,1.83,1.83,"PLOS One 10.1371/journal.pone.0302487, S1 file sheet Fig.3 row 34"
B,n_hexane,IV,170,30,1909.656,458.946,75.967,75.967,2787.197,2612.809,6.257,6.257,"PLOS One 10.1371/journal.pone.0302487, S1 file sheet Fig.3 row 35"
B,n_hexane,IV,175,30,1590.341,584.294,63.26,63.26,2751.842,2606.884,5.268,5.268,"PLOS One 10.1371/journal.pone.0302487, S1 file sheet Fig.3 row 36"
B,n_hexane,IV,180,30,1671.103,516.672,69.082,69.082,2733.62,2647.803,3.139,3.139,"PLOS One 10.1371/journal.pone.0302487, S1 file sheet Fig.3 row 37"
B,n_hexane,IV,185,30,1722.883,532.423,69.097,69.097,2802.264,2716.249,3.069,3.069,"PLOS One 10.1371/journal.pone.0302487, S1 file sheet Fig.3 row 38"
B,n_hexane,IV,190,30,1575.409,458.245,70.913,70.913,2727.249,2647.943,2.908,2.908,"PLOS One 10.1371/journal.pone.0302487, S1 file sheet Fig.3 row 39"
B,n_hexane,IV,195,30,1591.514,483.846,69.598,69.598,2831.151,2745.077,3.04,3.04,"PLOS One 10.1371/journal.pone.0302487, S1 file sheet Fig.3 row 40"
