scheme,model,MAE_tuned,R2_tuned,MAE_fixed,R2_fixed
Random 5-fold (as in literature),Ridge,217.0,0.03,215.0,0.02
Random 5-fold (as in literature),SVR-RBF,71.0,0.86,123.0,0.57
Random 5-fold (as in literature),Random Forest,96.0,0.68,128.0,0.51
Random 5-fold (as in literature),XGBoost,87.0,0.7,102.0,0.64
Leave-one-phase-out,Ridge,340.0,-1.62,380.0,-2.16
Leave-one-phase-out,SVR-RBF,255.0,-0.54,365.0,-1.99
Leave-one-phase-out,Random Forest,287.0,-0.8,326.0,-1.53
Leave-one-phase-out,XGBoost,347.0,-2.26,325.0,-2.07
Cross-reactor,Ridge,229.0,-0.05,390.0,-2.27
Cross-reactor,SVR-RBF,221.0,-0.11,220.0,-0.09
Cross-reactor,Random Forest,250.0,-0.24,336.0,-1.12
Cross-reactor,XGBoost,311.0,-0.97,336.0,-1.55
