scheme,model,alpha,C,epsilon,gamma,max_features,min_samples_leaf,learning_rate,max_depth,min_child_weight,n_estimators,degree,coef0
Random,Ridge,10.0,,,,,,,,,,,
Random,SVR-RBF,,10.0,0.01,0.3,,,,,,,,
Random,Random Forest,,,,,1.0,1.0,,,,,,
Random,XGBoost,,,,,,,0.03,4.0,1.0,100.0,,
Random,Ridge,10.0,,,,,,,,,,,
Random,SVR-RBF,,3.0,0.01,1,,,,,,,,
Random,Random Forest,,,,,1.0,1.0,,,,,,
Random,XGBoost,,,,,,,0.03,4.0,1.0,100.0,,
Random,Ridge,10.0,,,,,,,,,,,
Random,SVR-RBF,,30.0,0.01,scale,,,,,,,,
Random,Random Forest,,,,,1.0,1.0,,,,,,
Random,XGBoost,,,,,,,0.03,4.0,1.0,100.0,,
Random,Ridge,0.01,,,,,,,,,,,
Random,SVR-RBF,,10.0,0.01,1,,,,,,,,
Random,Random Forest,,,,,1.0,1.0,,,,,,
Random,XGBoost,,,,,,,0.1,4.0,1.0,100.0,,
Random,Ridge,10.0,,,,,,,,,,,
Random,SVR-RBF,,30.0,0.01,0.3,,,,,,,,
Random,Random Forest,,,,,1.0,1.0,,,,,,
Random,XGBoost,,,,,,,0.03,3.0,1.0,300.0,,
Random,Ridge,0.01,,,,,,,,,,,
Random,SVR-RBF,,10.0,0.01,0.3,,,,,,,,
Random,Random Forest,,,,,1.0,1.0,,,,,,
Random,XGBoost,,,,,,,0.03,4.0,1.0,300.0,,
Random,Ridge,10.0,,,,,,,,,,,
Random,SVR-RBF,,10.0,0.01,0.3,,,,,,,,
Random,Random Forest,,,,,1.0,1.0,,,,,,
Random,XGBoost,,,,,,,0.1,3.0,1.0,300.0,,
Random,Ridge,100.0,,,,,,,,,,,
Random,SVR-RBF,,10.0,0.01,0.3,,,,,,,,
Random,Random Forest,,,,,1.0,1.0,,,,,,
Random,XGBoost,,,,,,,0.03,4.0,1.0,300.0,,
Random,Ridge,0.01,,,,,,,,,,,
Random,SVR-RBF,,3.0,0.01,1,,,,,,,,
Random,Random Forest,,,,,1.0,1.0,,,,,,
Random,XGBoost,,,,,,,0.03,4.0,1.0,300.0,,
Random,Ridge,0.01,,,,,,,,,,,
Random,SVR-RBF,,10.0,0.01,0.3,,,,,,,,
Random,Random Forest,,,,,1.0,1.0,,,,,,
Random,XGBoost,,,,,,,0.1,4.0,1.0,100.0,,
Random,Ridge,10.0,,,,,,,,,,,
Random,SVR-RBF,,10.0,0.01,0.3,,,,,,,,
Random,Random Forest,,,,,1.0,1.0,,,,,,
Random,XGBoost,,,,,,,0.03,4.0,1.0,100.0,,
Random,Ridge,0.01,,,,,,,,,,,
Random,SVR-RBF,,100.0,0.2,0.3,,,,,,,,
Random,Random Forest,,,,,1.0,1.0,,,,,,
Random,XGBoost,,,,,,,0.03,4.0,3.0,300.0,,
Random,Ridge,0.01,,,,,,,,,,,
Random,SVR-RBF,,30.0,0.01,scale,,,,,,,,
Random,Random Forest,,,,,1.0,1.0,,,,,,
Random,XGBoost,,,,,,,0.03,4.0,1.0,300.0,,
Random,Ridge,100.0,,,,,,,,,,,
Random,SVR-RBF,,3.0,0.01,1,,,,,,,,
Random,Random Forest,,,,,1.0,1.0,,,,,,
Random,XGBoost,,,,,,,0.03,4.0,1.0,300.0,,
Random,Ridge,10.0,,,,,,,,,,,
Random,SVR-RBF,,100.0,0.05,0.3,,,,,,,,
Random,Random Forest,,,,,1.0,1.0,,,,,,
Random,XGBoost,,,,,,,0.03,4.0,1.0,100.0,,
Random,Ridge,10.0,,,,,,,,,,,
Random,SVR-RBF,,3.0,0.01,1,,,,,,,,
Random,Random Forest,,,,,1.0,1.0,,,,,,
Random,XGBoost,,,,,,,0.03,4.0,1.0,300.0,,
Random,Ridge,10.0,,,,,,,,,,,
Random,SVR-RBF,,30.0,0.01,0.3,,,,,,,,
Random,Random Forest,,,,,1.0,1.0,,,,,,
Random,XGBoost,,,,,,,0.03,4.0,1.0,300.0,,
Random,Ridge,10.0,,,,,,,,,,,
Random,SVR-RBF,,10.0,0.01,0.3,,,,,,,,
Random,Random Forest,,,,,1.0,1.0,,,,,,
Random,XGBoost,,,,,,,0.03,4.0,1.0,300.0,,
Random,Ridge,10.0,,,,,,,,,,,
Random,SVR-RBF,,10.0,0.05,0.3,,,,,,,,
Random,Random Forest,,,,,1.0,1.0,,,,,,
Random,XGBoost,,,,,,,0.03,4.0,3.0,300.0,,
Random,Ridge,100.0,,,,,,,,,,,
Random,SVR-RBF,,100.0,0.01,scale,,,,,,,,
Random,Random Forest,,,,,1.0,1.0,,,,,,
Random,XGBoost,,,,,,,0.03,4.0,3.0,300.0,,
Random,Ridge,10.0,,,,,,,,,,,
Random,SVR-RBF,,10.0,0.01,0.3,,,,,,,,
Random,Random Forest,,,,,1.0,1.0,,,,,,
Random,XGBoost,,,,,,,0.03,4.0,1.0,300.0,,
Random,Ridge,0.01,,,,,,,,,,,
Random,SVR-RBF,,30.0,0.01,0.3,,,,,,,,
Random,Random Forest,,,,,1.0,1.0,,,,,,
Random,XGBoost,,,,,,,0.03,4.0,1.0,300.0,,
Random,Ridge,0.1,,,,,,,,,,,
Random,SVR-RBF,,10.0,0.01,1,,,,,,,,
Random,Random Forest,,,,,1.0,1.0,,,,,,
Random,XGBoost,,,,,,,0.03,4.0,1.0,300.0,,
Random,Ridge,10.0,,,,,,,,,,,
Random,SVR-RBF,,3.0,0.01,1,,,,,,,,
Random,Random Forest,,,,,1.0,1.0,,,,,,
Random,XGBoost,,,,,,,0.03,4.0,1.0,300.0,,
Random,Ridge,10.0,,,,,,,,,,,
Random,SVR-RBF,,10.0,0.01,0.3,,,,,,,,
Random,Random Forest,,,,,1.0,1.0,,,,,,
Random,XGBoost,,,,,,,0.03,4.0,3.0,300.0,,
Leave-one-phase-out,Ridge,1000.0,,,,,,,,,,,
Leave-one-phase-out,SVR-RBF,,0.3,0.2,1,,,,,,,,
Leave-one-phase-out,Random Forest,,,,,0.3,10.0,,,,,,
Leave-one-phase-out,XGBoost,,,,,,,0.03,1.0,1.0,100.0,,
Leave-one-phase-out,Ridge,0.1,,,,,,,,,,,
Leave-one-phase-out,SVR-RBF,,1.0,0.05,1,,,,,,,,
Leave-one-phase-out,Random Forest,,,,,0.3,1.0,,,,,,
Leave-one-phase-out,XGBoost,,,,,,,0.1,2.0,1.0,100.0,,
Leave-one-phase-out,Ridge,1000.0,,,,,,,,,,,
Leave-one-phase-out,SVR-RBF,,0.3,0.01,1,,,,,,,,
Leave-one-phase-out,Random Forest,,,,,0.3,10.0,,,,,,
Leave-one-phase-out,XGBoost,,,,,,,0.03,4.0,1.0,100.0,,
Leave-one-phase-out,Ridge,1000.0,,,,,,,,,,,
Leave-one-phase-out,SVR-RBF,,100.0,0.01,1,,,,,,,,
Leave-one-phase-out,Random Forest,,,,,0.3,10.0,,,,,,
Leave-one-phase-out,XGBoost,,,,,,,0.03,4.0,3.0,100.0,,
Leave-one-phase-out,Ridge,1000.0,,,,,,,,,,,
Leave-one-phase-out,SVR-RBF,,100.0,0.05,1,,,,,,,,
Leave-one-phase-out,Random Forest,,,,,0.3,10.0,,,,,,
Leave-one-phase-out,XGBoost,,,,,,,0.03,1.0,1.0,100.0,,
Leave-one-phase-out,Ridge,100.0,,,,,,,,,,,
Leave-one-phase-out,SVR-RBF,,0.3,0.01,0.1,,,,,,,,
Leave-one-phase-out,Random Forest,,,,,0.3,5.0,,,,,,
Leave-one-phase-out,XGBoost,,,,,,,0.1,1.0,3.0,100.0,,
Leave-one-phase-out,Ridge,1000.0,,,,,,,,,,,
Leave-one-phase-out,SVR-RBF,,100.0,0.01,1,,,,,,,,
Leave-one-phase-out,Random Forest,,,,,0.3,10.0,,,,,,
Leave-one-phase-out,XGBoost,,,,,,,0.03,4.0,1.0,100.0,,
Leave-one-phase-out,Ridge,100.0,,,,,,,,,,,
Leave-one-phase-out,SVR-RBF,,0.3,0.01,0.1,,,,,,,,
Leave-one-phase-out,Random Forest,,,,,0.3,10.0,,,,,,
Leave-one-phase-out,XGBoost,,,,,,,0.03,4.0,1.0,100.0,,
Cross-reactor,Ridge,1000.0,,,,,,,,,,,
Cross-reactor,SVR-RBF,,0.3,0.2,0.03,,,,,,,,
Cross-reactor,Random Forest,,,,,0.3,10.0,,,,,,
Cross-reactor,XGBoost,,,,,,,0.03,4.0,1.0,100.0,,
Cross-reactor,Ridge,100.0,,,,,,,,,,,
Cross-reactor,SVR-RBF,,0.3,0.01,0.1,,,,,,,,
Cross-reactor,Random Forest,,,,,0.3,5.0,,,,,,
Cross-reactor,XGBoost,,,,,,,0.03,1.0,1.0,100.0,,
B Random,MLR quadratic,,,,,,,,,,,3.0,
B Random,MLR quadratic,,,,,,,,,,,3.0,
B Random,MLR quadratic,,,,,,,,,,,3.0,
B Random,MLR quadratic,,,,,,,,,,,3.0,
B Random,MLR quadratic,,,,,,,,,,,3.0,
B Random,MLR quadratic,,,,,,,,,,,3.0,
B Random,MLR quadratic,,,,,,,,,,,3.0,
B Random,MLR quadratic,,,,,,,,,,,3.0,
B Random,MLR quadratic,,,,,,,,,,,3.0,
B Random,MLR quadratic,,,,,,,,,,,3.0,
B Random,MLR quadratic,,,,,,,,,,,3.0,
B Random,MLR quadratic,,,,,,,,,,,3.0,
B Random,MLR quadratic,,,,,,,,,,,3.0,
B Random,MLR quadratic,,,,,,,,,,,3.0,
B Random,MLR quadratic,,,,,,,,,,,3.0,
B Random,MLR quadratic,,,,,,,,,,,3.0,
B Random,MLR quadratic,,,,,,,,,,,3.0,
B Random,MLR quadratic,,,,,,,,,,,3.0,
B Random,MLR quadratic,,,,,,,,,,,3.0,
B Random,MLR quadratic,,,,,,,,,,,3.0,
B Random,SVR-RBF,,1000.0,0.01,0.1,,,,,,,,
B Random,SVR-RBF,,100.0,0.01,0.1,,,,,,,,
B Random,SVR-RBF,,100.0,0.01,scale,,,,,,,,
B Random,SVR-RBF,,1000.0,0.01,0.1,,,,,,,,
B Random,SVR-RBF,,100.0,0.05,0.1,,,,,,,,
B Random,SVR-RBF,,100.0,0.01,0.3,,,,,,,,
B Random,SVR-RBF,,1000.0,0.05,0.1,,,,,,,,
B Random,SVR-RBF,,100.0,0.05,0.1,,,,,,,,
B Random,SVR-RBF,,1000.0,0.01,0.1,,,,,,,,
B Random,SVR-RBF,,100.0,0.01,0.1,,,,,,,,
B Random,SVR-RBF,,1000.0,0.05,0.1,,,,,,,,
B Random,SVR-RBF,,1000.0,0.01,0.1,,,,,,,,
B Random,SVR-RBF,,100.0,0.01,0.1,,,,,,,,
B Random,SVR-RBF,,1000.0,0.01,0.1,,,,,,,,
B Random,SVR-RBF,,100.0,0.05,0.1,,,,,,,,
B Random,SVR-RBF,,1000.0,0.05,0.1,,,,,,,,
B Random,SVR-RBF,,1000.0,0.01,0.1,,,,,,,,
B Random,SVR-RBF,,100.0,0.01,0.1,,,,,,,,
B Random,SVR-RBF,,100.0,0.01,0.1,,,,,,,,
B Random,SVR-RBF,,10.0,0.01,1,,,,,,,,
B Random,SVR-poly3,,1.0,0.05,,,,,,,,3.0,1.0
B Random,SVR-poly3,,100.0,0.05,,,,,,,,3.0,1.0
B Random,SVR-poly3,,1.0,0.05,,,,,,,,3.0,1.0
B Random,SVR-poly3,,1.0,0.05,,,,,,,,3.0,1.0
B Random,SVR-poly3,,100.0,0.05,,,,,,,,3.0,1.0
B Random,SVR-poly3,,10.0,0.05,,,,,,,,3.0,1.0
B Random,SVR-poly3,,10.0,0.05,,,,,,,,3.0,1.0
B Random,SVR-poly3,,10.0,0.05,,,,,,,,3.0,1.0
B Random,SVR-poly3,,10.0,0.05,,,,,,,,3.0,1.0
B Random,SVR-poly3,,10.0,0.05,,,,,,,,3.0,1.0
B Random,SVR-poly3,,1.0,0.05,,,,,,,,3.0,1.0
B Random,SVR-poly3,,10.0,0.05,,,,,,,,3.0,1.0
B Random,SVR-poly3,,10.0,0.05,,,,,,,,3.0,1.0
B Random,SVR-poly3,,1.0,0.05,,,,,,,,3.0,1.0
B Random,SVR-poly3,,1.0,0.05,,,,,,,,3.0,1.0
B Random,SVR-poly3,,1.0,0.05,,,,,,,,3.0,1.0
B Random,SVR-poly3,,1.0,0.05,,,,,,,,3.0,1.0
B Random,SVR-poly3,,100.0,0.01,,,,,,,,3.0,1.0
B Random,SVR-poly3,,10.0,0.05,,,,,,,,3.0,1.0
B Random,SVR-poly3,,1.0,0.05,,,,,,,,3.0,1.0
B Leave-one-condition-out,MLR quadratic,,,,,,,,,,,3.0,
B Leave-one-condition-out,SVR-RBF,,100.0,0.05,0.1,,,,,,,,
B Leave-one-condition-out,SVR-poly3,,1.0,0.05,,,,,,,,3.0,1.0
B Leave-one-condition-out,MLR quadratic,,,,,,,,,,,3.0,
B Leave-one-condition-out,SVR-RBF,,100.0,0.05,0.1,,,,,,,,
B Leave-one-condition-out,SVR-poly3,,100.0,0.05,,,,,,,,3.0,1.0
B Leave-one-condition-out,MLR quadratic,,,,,,,,,,,3.0,
B Leave-one-condition-out,SVR-RBF,,1000.0,0.01,0.1,,,,,,,,
B Leave-one-condition-out,SVR-poly3,,100.0,0.05,,,,,,,,3.0,1.0
B Leave-one-condition-out,MLR quadratic,,,,,,,,,,,3.0,
B Leave-one-condition-out,SVR-RBF,,100.0,0.01,0.1,,,,,,,,
B Leave-one-condition-out,SVR-poly3,,10.0,0.05,,,,,,,,3.0,1.0
B Leave-one-condition-out,MLR quadratic,,,,,,,,,,,3.0,
B Leave-one-condition-out,SVR-RBF,,100.0,0.01,0.1,,,,,,,,
B Leave-one-condition-out,SVR-poly3,,1.0,0.01,,,,,,,,3.0,1.0
B Leave-one-condition-out,MLR quadratic,,,,,,,,,,,3.0,
B Leave-one-condition-out,SVR-RBF,,100.0,0.01,0.1,,,,,,,,
B Leave-one-condition-out,SVR-poly3,,1.0,0.05,,,,,,,,3.0,1.0
B Leave-one-condition-out,MLR quadratic,,,,,,,,,,,3.0,
B Leave-one-condition-out,SVR-RBF,,100.0,0.01,0.1,,,,,,,,
B Leave-one-condition-out,SVR-poly3,,10.0,0.05,,,,,,,,3.0,1.0
B Leave-one-condition-out,MLR quadratic,,,,,,,,,,,2.0,
B Leave-one-condition-out,SVR-RBF,,100.0,0.05,0.1,,,,,,,,
B Leave-one-condition-out,SVR-poly3,,100.0,0.2,,,,,,,,2.0,1.0
B Leave-one-condition-out,MLR quadratic,,,,,,,,,,,2.0,
B Leave-one-condition-out,SVR-RBF,,100.0,0.2,0.1,,,,,,,,
B Leave-one-condition-out,SVR-poly3,,1.0,0.2,,,,,,,,2.0,1.0
B Leave-one-condition-out,MLR quadratic,,,,,,,,,,,2.0,
B Leave-one-condition-out,SVR-RBF,,100.0,0.05,0.1,,,,,,,,
B Leave-one-condition-out,SVR-poly3,,10.0,0.2,,,,,,,,2.0,1.0
B Leave-one-condition-out,MLR quadratic,,,,,,,,,,,2.0,
B Leave-one-condition-out,SVR-RBF,,100.0,0.05,0.1,,,,,,,,
B Leave-one-condition-out,SVR-poly3,,100.0,0.01,,,,,,,,3.0,1.0
B Leave-one-condition-out,MLR quadratic,,,,,,,,,,,3.0,
B Leave-one-condition-out,SVR-RBF,,100.0,0.2,0.1,,,,,,,,
B Leave-one-condition-out,SVR-poly3,,1.0,0.2,,,,,,,,2.0,1.0
B Leave-one-condition-out,MLR quadratic,,,,,,,,,,,3.0,
B Leave-one-condition-out,SVR-RBF,,100.0,0.2,0.1,,,,,,,,
B Leave-one-condition-out,SVR-poly3,,100.0,0.05,,,,,,,,3.0,1.0
B Leave-one-condition-out,MLR quadratic,,,,,,,,,,,3.0,
B Leave-one-condition-out,SVR-RBF,,1000.0,0.01,0.1,,,,,,,,
B Leave-one-condition-out,SVR-poly3,,100.0,0.01,,,,,,,,3.0,1.0
B Leave-one-condition-out,MLR quadratic,,,,,,,,,,,3.0,
B Leave-one-condition-out,SVR-RBF,,1000.0,0.01,0.1,,,,,,,,
B Leave-one-condition-out,SVR-poly3,,100.0,0.05,,,,,,,,3.0,1.0
B Leave-one-condition-out,MLR quadratic,,,,,,,,,,,3.0,
B Leave-one-condition-out,SVR-RBF,,100.0,0.01,0.1,,,,,,,,
B Leave-one-condition-out,SVR-poly3,,100.0,0.05,,,,,,,,3.0,1.0
B Leave-one-condition-out,MLR quadratic,,,,,,,,,,,3.0,
B Leave-one-condition-out,SVR-RBF,,100.0,0.01,0.1,,,,,,,,
B Leave-one-condition-out,SVR-poly3,,1.0,0.05,,,,,,,,3.0,1.0
B Leave-one-condition-out,MLR quadratic,,,,,,,,,,,3.0,
B Leave-one-condition-out,SVR-RBF,,1000.0,0.01,0.1,,,,,,,,
B Leave-one-condition-out,SVR-poly3,,1.0,0.05,,,,,,,,3.0,1.0
B Leave-one-MC-level-out,MLR quadratic,,,,,,,,,,,1.0,
B Leave-one-MC-level-out,SVR-RBF,,1.0,0.05,3,,,,,,,,
B Leave-one-MC-level-out,SVR-poly3,,0.1,0.05,,,,,,,,2.0,1.0
B Leave-one-MC-level-out,MLR quadratic,,,,,,,,,,,1.0,
B Leave-one-MC-level-out,SVR-RBF,,1.0,0.05,3,,,,,,,,
B Leave-one-MC-level-out,SVR-poly3,,100.0,0.2,,,,,,,,2.0,0.0
B Leave-one-MC-level-out,MLR quadratic,,,,,,,,,,,1.0,
B Leave-one-MC-level-out,SVR-RBF,,1.0,0.01,3,,,,,,,,
B Leave-one-MC-level-out,SVR-poly3,,0.1,0.2,,,,,,,,2.0,0.0
B Leave-one-EBRT-level-out,MLR quadratic,,,,,,,,,,,2.0,
B Leave-one-EBRT-level-out,SVR-RBF,,1.0,0.01,1,,,,,,,,
B Leave-one-EBRT-level-out,SVR-poly3,,100.0,0.2,,,,,,,,2.0,1.0
B Leave-one-EBRT-level-out,MLR quadratic,,,,,,,,,,,2.0,
B Leave-one-EBRT-level-out,SVR-RBF,,1.0,0.05,1,,,,,,,,
B Leave-one-EBRT-level-out,SVR-poly3,,100.0,0.05,,,,,,,,2.0,0.0
B Leave-one-EBRT-level-out,MLR quadratic,,,,,,,,,,,2.0,
B Leave-one-EBRT-level-out,SVR-RBF,,1.0,0.05,1,,,,,,,,
B Leave-one-EBRT-level-out,SVR-poly3,,1.0,0.05,,,,,,,,2.0,0.0
