dataset,scheme,model,diff_vs_mech,CI95_low,CI95_high,verdict
A,Leave-one-phase-out,Ridge (tuned),42.0,-76.0,199.0,no clear difference
A,Leave-one-phase-out,SVR-RBF (tuned),-42.0,-139.0,49.0,no clear difference
A,Leave-one-phase-out,Random Forest (tuned),-11.0,-106.0,91.0,no clear difference
A,Leave-one-phase-out,XGBoost (tuned),50.0,-134.0,245.0,no clear difference
A,Cross-reactor,Ridge (tuned),37.0,-3.0,81.0,no clear difference
A,Cross-reactor,SVR-RBF (tuned),30.0,-22.0,96.0,no clear difference
A,Cross-reactor,Random Forest (tuned),58.0,24.0,94.0,worse than mechanistic
A,Cross-reactor,XGBoost (tuned),119.0,45.0,189.0,worse than mechanistic
B,Leave-one-condition-out,MLR quadratic (tuned),-2.44,-3.46,-1.35,better than physics
B,Leave-one-condition-out,SVR-RBF (tuned),-2.26,-3.65,-0.83,better than physics
B,Leave-one-condition-out,SVR-poly3 (tuned),-2.23,-3.49,-1.01,better than physics
B,Leave-one-MC-level-out,MLR quadratic (tuned),4.14,1.09,6.58,worse than physics
B,Leave-one-MC-level-out,SVR-RBF (tuned),5.69,0.82,10.29,worse than physics
B,Leave-one-MC-level-out,SVR-poly3 (tuned),6.07,0.16,11.17,worse than physics
B,Leave-one-EBRT-level-out,MLR quadratic (tuned),1.68,-3.54,6.9,no clear difference
B,Leave-one-EBRT-level-out,SVR-RBF (tuned),3.51,-2.93,9.78,no clear difference
B,Leave-one-EBRT-level-out,SVR-poly3 (tuned),2.1,-2.92,7.21,no clear difference
