dataset,scheme,model,inflation_mean,inflation_min,inflation_max
A,Leave-one-phase-out,Train mean,1.1,1.1,1.1
A,Leave-one-phase-out,Mechanistic,1.3,1.3,1.4
A,Leave-one-phase-out,Ridge,1.8,1.7,1.8
A,Leave-one-phase-out,SVR-RBF,3.0,2.7,3.5
A,Leave-one-phase-out,Random Forest,2.5,2.4,2.7
A,Leave-one-phase-out,XGBoost,3.2,2.6,3.6
A,Cross-reactor,Train mean,1.0,0.9,1.0
A,Cross-reactor,Mechanistic,0.9,0.8,0.9
A,Cross-reactor,Ridge,1.8,1.7,1.9
A,Cross-reactor,SVR-RBF,1.8,1.6,2.1
A,Cross-reactor,Random Forest,2.6,2.5,2.8
A,Cross-reactor,XGBoost,3.3,2.7,3.7
B,Leave-one-condition-out,Train mean,1.0,0.7,1.4
B,Leave-one-condition-out,"Physics (first-order, k(MC))",1.1,0.8,2.1
B,Leave-one-condition-out,MLR quadratic,1.6,0.9,2.9
B,Leave-one-condition-out,SVR-RBF,4.2,1.6,7.0
B,Leave-one-condition-out,SVR-poly3,2.2,0.9,4.3
B,Leave-one-MC-level-out,Train mean,1.0,0.7,1.5
B,Leave-one-MC-level-out,"Physics (first-order, k(MC))",1.0,0.8,2.0
B,Leave-one-MC-level-out,MLR quadratic,1.4,0.8,2.5
B,Leave-one-MC-level-out,SVR-RBF,10.6,4.2,17.8
B,Leave-one-MC-level-out,SVR-poly3,12.9,5.0,25.3
B,Leave-one-EBRT-level-out,Train mean,1.2,0.8,1.7
B,Leave-one-EBRT-level-out,"Physics (first-order, k(MC))",2.0,1.5,4.0
B,Leave-one-EBRT-level-out,MLR quadratic,4.5,2.7,8.1
B,Leave-one-EBRT-level-out,SVR-RBF,14.8,5.8,24.8
B,Leave-one-EBRT-level-out,SVR-poly3,13.2,5.1,25.9
