dataset,model,err_mean,err_sd,err_min,err_max,R2_min,R2_max
A,Train mean,233.45,4.54,229.44,240.26,-0.07,-0.01
A,Mechanistic,224.7,4.31,220.55,232.0,-0.05,0.02
A,Ridge,215.39,8.08,205.79,226.96,-0.11,0.09
A,SVR-RBF,123.13,11.69,104.37,134.1,0.46,0.7
A,Random Forest,127.88,6.75,120.06,136.13,0.36,0.59
A,XGBoost,101.85,13.31,91.4,124.5,0.41,0.79
B,Train mean,10.84,2.28,7.51,15.57,-0.39,-0.01
B,"Physics (first-order, k(MC))",4.54,1.02,2.26,6.01,0.59,0.97
B,MLR quadratic,2.38,0.65,1.32,4.04,0.8,0.99
B,SVR-RBF,0.81,0.38,0.49,2.06,0.95,1.0
B,SVR-poly3,1.0,0.49,0.51,2.56,0.92,1.0
